Luas_Tanah_m2,Luas_Bangunan_m2,Jumlah_Kamar,Umur_Bangunan_th,Jarak_ke_Pusat_km,Harga_Juta
218.5430534813131,49.12223683238484,1,3.506941221250922,17.61933178099979,1241483008.7528107
477.8214378844623,226.60121368021476,2,28.194963708404252,11.049805546517028,4574560476.728907
379.3972738151323,230.03499499573942,4,18.831241592142536,18.842286271745028,4928112770.198274
319.3963178886665,265.84906355433645,2,10.047168439712584,16.17688147969964,3254592626.654848
120.20838819909643,298.6537934773848,1,4.1781621799016175,19.96074810013341,3331408976.5033617
120.1975341512912,391.0652694011378,2,23.820755678108878,7.663524493582493,4343353336.375081
76.13762547568976,221.03112887144226,1,18.602182677855406,15.576577489691411,2242688563.9836373
439.7792655987208,149.493894988261,2,16.003832759289647,8.636687358575601,3914443025.0641346
320.50175528444396,324.21889206442034,1,26.81677749152873,10.117636785774268,4277957932.868115
368.63266000822045,130.20793296696746,1,23.657916336735923,12.922603801149032,1810465871.5568337
59.263022433111104,192.41942566108537,1,4.550246391982535,17.599865169540436,2490899662.994269
486.45943347289744,59.02886109663841,4,9.351662033866447,19.697585914786607,2955069838.8299837
424.59918836018977,39.37977506371928,2,7.454674194433972,15.597194863425846,1741010684.068604
145.55259980522428,386.17991343083224,2,22.31838877718031,8.937568861179342,4633914344.624116
131.82123524319528,339.31264458951614,2,1.0059730420733815,9.005783043264334,4267081371.3166294
132.53202943404523,287.51045625466827,1,17.096690546139495,15.014063730188939,3037954244.031613
186.90900933179196,181.31258943327987,2,22.873760572220718,5.536765769597745,2769748335.092009
286.140394234507,94.11889842621294,2,26.302969102852483,3.0990081494964983,2599740314.9291577
244.3752583889521,87.88170578830184,1,10.262452461477224,7.737820995174754,2024198586.237756
181.05311308911885,122.58987232090027,3,24.637719140160385,6.457540841427553,3345446782.2528663
325.33380262507075,233.21386594126457,1,3.318952108656217,6.629854288663812,3773263737.8500814
112.77223729341883,294.40049139902305,2,25.393568752035545,5.438547269948289,3435352748.5864596
181.46509184084817,274.27302938556056,1,3.8246598699594725,1.7997706030908758,3972527322.545404
214.86282948216126,133.57554186999886,3,11.918618716811018,1.3396047599348624,1975368703.277208
255.23149289766616,383.30015384538183,1,23.918860973386607,19.766725404984598,4262422203.2442346
403.3291826268561,303.02185917743435,2,4.497522820463214,9.127689540981384,3349668140.400141
139.85320197126188,235.11099942921825,3,6.877541856979245,8.302206296033951,3399007621.734186
281.4054972861252,256.33667610671034,4,21.667577051791987,13.913298371168327,3605924963.983486
316.5865559879191,185.25202309828228,2,21.601096096382232,5.146823869436219,2888751361.695384
70.90268572399897,121.66046611542826,3,19.234428986558918,19.049262495054283,2600568064.5885534
323.39518335564725,161.7098911009668,3,20.818453334013,15.94055527389549,2845472307.451645
126.73585565928119,310.4030608718166,4,16.281733300427884,2.698809043932931,5000000000.0
79.27321684337578,35.325590793009674,1,7.553971767208583,8.934034739913638,1037536558.417111
476.99849176399994,72.94687698755901,1,10.370879805117584,17.70324784368113,1870653230.9100006
484.53441488355173,47.02097754804852,2,5.44793150404277,18.949908423536794,1788493447.0102673
413.7788066524075,45.06965685801895,4,27.25351684000885,9.880628713747525,2478088302.2545347
187.07619612801682,346.5204160840727,1,17.501753842983614,12.654816395003447,4101047181.5321712
93.95245130287273,290.35340797060877,4,12.025542502909197,4.173644975749429,4138537224.158667
357.9048619304706,205.4443167623103,1,13.86017410932398,19.832203896602554,1846400350.468964
248.06862218282058,66.19863944087055,3,28.41850018835446,5.401762326285424,2503923786.1956596
104.91720568015047,211.89787379322797,1,4.600542093482406,18.911903708567387,2724416124.213477
272.8296095500716,205.1845551888093,4,17.586894960503916,13.343286330855001,4384114902.999388
65.47483450184828,94.08469186670561,3,15.17666036653398,12.546999102698324,1962863080.762762
459.1941809354519,190.52511021805003,3,18.343627063039435,10.741081709313663,3829174971.3052692
166.4509917200076,177.4467517270282,3,0.5433055146252153,5.382726422637415,3165426429.442012
348.1350279592919,257.8645362793201,4,26.163717268324543,4.3540326081046565,5000000000.0
190.26998424023492,264.9846508210282,2,27.96354847450837,5.1892379723333315,3930091652.6471987
284.0306095300149,46.76248361565647,2,16.953995507676268,4.542326980740835,2546774658.228032
296.01962570447586,168.60666741179435,2,20.899524716306768,15.812104997768312,3108770522.835392
133.18450498648718,261.56816881426744,4,27.67498143531887,7.652379924167872,4390230810.040529
486.31308249405134,216.16041567463245,3,21.21715902940196,2.099010854704531,5000000000.0
398.80977051250153,346.9012412396792,2,4.57617128742784,19.412949972675417,3908572842.183819
472.7745237038851,273.71664369900964,4,17.288650805004394,17.791931814305087,4494825918.771064
452.67230769244196,90.28573802012899,2,18.201451391485676,18.627293380709048,2084802596.3963935
319.0549904649883,56.11043653815904,1,12.72392013907158,19.90324863028227,1380561684.3206348
464.84340576040256,267.6951329363368,2,22.093327068741687,4.304009735170259,4962152986.68873
89.82162592336377,39.80918490040007,2,28.031010443070446,8.528598359150516,1589069022.806966
138.19228808861533,246.73696507118143,3,27.76705538720329,15.406531038377734,3418785735.114858
70.35228000974213,377.8851893272343,4,13.525181142123962,14.224391743022052,5000000000.0
196.39864884346895,242.9254458140752,3,3.397141375222658,3.924022220457246,2851003807.222551
224.9047803602669,173.6228726964131,3,29.54523596887004,16.500829374821738,3360331713.415307
172.10706429825316,268.0166408236707,3,25.166942593378025,5.264370864896552,4313874656.943801
422.9318791183682,199.55356948186116,3,3.739880436098005,5.252534681629839,5000000000.0
210.53899701211517,231.87821204689592,3,27.62525647852117,11.202514034974858,2069555915.7984343
176.42052935932134,378.3419792473143,2,26.096890861863848,12.26585876199236,5000000000.0
294.21323742121183,172.85797598628648,3,15.565141713782163,12.021637948918412,3272474358.750064
113.41590123864319,385.6405086148483,3,17.738263072347877,2.7382499105573426,5000000000.0
410.98864133931784,364.9797375237436,4,11.970081116103907,17.671756389977226,4463732055.606751
83.54778965589688,102.44271987203969,1,1.64284916466094,6.046400809185415,1788945173.9930494
494.0991214702328,55.66368132381122,2,10.055917249377028,3.4607835043732793,2909553576.276293
397.51014618349586,67.28786050964786,2,24.085603457940344,17.886213517510566,1722081200.172697
139.4220566903776,36.7420754910734,2,0.13896069013808576,19.157378466365316,1642554536.846172
52.48495270562108,64.94389547969351,3,10.004975150734325,17.38042472804356,1685559251.923247
416.95764280467534,282.712506164052,3,11.9450608077283,16.380805419772685,4362833141.442945
368.0858047314277,56.33979993028473,3,16.121868088137685,13.449597632141412,2752959486.154627
378.0532256184443,148.0209832086917,4,27.595668492382813,11.466290041573647,4041802013.2683525
397.0716560086756,342.6038650586982,1,10.390379830978837,2.6527484383167925,5000000000.0
83.32009328034067,38.61061622225557,3,10.40859605688683,8.760611048343275,1816820504.878021
211.30957784492267,331.3533385579062,1,22.125037443292452,8.081081823233966,5000000000.0
102.14107678630837,134.28626666615799,4,13.566538226694215,5.935321891446198,3012497425.0739055
438.3965416440171,73.7209862200128,2,6.738144688199458,14.744982160083113,2368132266.5663095
330.48415707240105,287.7927511847357,3,13.573185483980803,10.421638966496646,5000000000.0
198.90411118369212,262.7088533085571,1,4.225710611393996,2.5398781022453107,4059595748.4554887
78.60125762871064,354.6646450050096,1,5.291609595186699,5.183480837046416,4155200033.961756
189.94204477204798,301.97628620743774,3,14.951033182184393,13.981916509532322,4482762140.165914
196.33249491203617,327.28794424239396,2,12.567763485136437,2.4464863303157034,3661188857.849575
378.32278025212884,134.35279185138342,2,27.445377032043,17.172931366926605,3066351268.1044188
336.9008621098459,95.65263119849745,2,10.871816973498994,10.407784013265513,2124212560.4616108
449.24573415934697,307.72745810711757,4,17.417650508341303,10.131144969206312,5000000000.0
262.4967163228772,328.5288535288877,1,18.96792863758591,12.255747908530834,3228552641.092003
103.81741067223577,396.4869025402491,1,0.3928336976500091,16.668938352577833,3631998785.2401233
370.9601542503477,182.6685404572278,1,19.906121160501318,7.608374950141668,3342428684.6774454
392.35327187760385,167.64669174332977,4,5.341079006092543,13.882306898622208,3977165767.857475
302.5747389062733,317.27279547453884,1,28.832109524083656,11.74890731592003,3920265057.0839486
396.93523097955244,156.0973098936166,4,4.459881832593389,6.073537133219006,5000000000.0
272.20801836397584,374.3802104733189,2,12.438723711810711,17.693969740748003,4479311883.197021
285.2297732218973,347.6127181819144,3,2.5604900423593158,16.151094410531634,4405872996.31172
242.39345826134732,188.7277901287568,1,29.906227555378422,13.510584858510084,2831260443.8263903
61.43860703484283,307.82229508285405,1,15.065850309937277,17.161052852790597,3423812771.977342
98.551142146987,309.1808634113325,2,17.861550519601312,17.478589818236244,2790602126.2996893
64.14313355903042,68.15583146929507,3,2.012294321652824,14.45889655758566,1996678497.8955123
336.3846850687012,363.9445754714397,4,22.498814111975335,16.90325323890977,5000000000.0
191.460191484347,216.94337780570714,3,6.2971677928675724,14.25195777171639,3216522865.592283
278.85681102411627,335.7892624598644,2,26.941628683221413,13.922674663445708,4952338518.701122
458.40491326674186,148.41835238132634,2,6.1541892144602155,12.753616186088502,3054217837.094443
162.18150311699372,361.3435945435942,3,5.720631619909997,15.301616151595184,4580762785.770134
234.6723153660334,174.00462113164036,4,1.0964900354428464,4.0134970005684005,3929013978.4681764
389.9980123443719,34.009931047710396,4,14.162008353299978,17.73654442477964,2278130918.874419
152.9591744712301,364.99133127512755,1,16.945233997878493,17.56502702715941,2894315375.306141
84.64095942295685,63.776070410869416,4,1.971259182850571,1.5556983776566238,2004451677.4942176
180.38815381119562,148.14604590845352,3,23.26582850085032,16.690518260730492,3292222197.5786657
122.54957926430198,381.5229278087978,2,13.598665042440828,3.448527481995459,3893613621.5394955
468.36394355415786,381.72464436689575,1,15.731708079827401,7.367258230923696,4293017089.094295
413.65417080398765,242.17201860561585,1,13.222882408146845,15.126656869540547,2124046237.0338058
335.03169042969057,263.77976850282573,2,12.02289182625978,4.0544380249178555,3961121032.717769
442.15726558447295,195.92484313197832,4,16.789209939246536,16.541373458262182,3135431184.230624
411.6524346046015,138.48798552828387,2,4.657207377921376,16.8105493811971,3229654246.5486426
133.95652649871613,151.6058817868689,4,5.457843914858134,10.641886941455887,3650287461.639881
451.65154932049,278.8318287485042,2,25.85356863040552,1.121331562619838,4849781188.109333
292.7040088620428,308.3785758919416,3,28.38346386400898,6.453724530323343,5000000000.0
413.34806982382815,322.88424617856396,4,11.199279488392587,12.721611449139102,5000000000.0
453.24108496557193,322.15871283398496,3,8.122340194306613,19.642537382521045,4115374972.745009
193.10156373733875,63.746258128015434,1,19.319986297170473,13.0044570133167,904438710.7500384
99.52336603745454,212.93551273995516,2,12.262025132942892,5.936268040219036,3929358352.086952
152.57082314387375,51.29674120615839,1,0.7615906698103458,13.046108358892615,1008838680.190087
242.19850488181535,233.32568645978216,1,4.684577920985711,11.259722214601254,2211087673.485676
418.1066446651219,193.3662855081495,1,21.479166865421927,15.817062507871729,3134613713.9219484
437.32876246535454,358.4505476205709,1,19.76771825730454,3.0326321377122096,5000000000.0
53.128458739035814,159.83855464426912,2,0.8128797751045047,15.459530147538532,2657276892.6080103
279.8362861599046,73.31479607821417,1,6.6591648579884835,11.284064994846096,1990390770.3603292
237.83495141695056,82.90692235954927,2,6.932243897642142,19.2968480733209,1893242960.3884559
149.9485147118286,311.7589337354647,2,20.15678230796185,7.495571154735035,4336796942.657913
103.93941530015726,258.7406834270166,3,0.5913161326309246,13.019815969545014,3981093500.3766236
201.9268271316326,67.4153901654324,4,3.123257459537215,18.708534004690332,2366071458.950082
474.3093667606336,61.11951826254905,4,23.99748256119568,2.947684831822906,4196857330.739352
195.44131940933985,289.3585786398744,2,5.356339861630008,18.80734125749257,3331277092.104092
283.45577978451473,56.922312354751604,3,19.58238323555624,14.069828723715453,1957171387.4635353
366.35853150283003,334.0882219374318,2,7.145483431401796,2.2889041229982663,5000000000.0
213.63332107068229,291.3096240479036,2,2.983241782780355,6.718307771989509,2951362570.965565
487.3019372244323,60.09904883750291,2,7.295165729983623,14.455269684260351,2284109718.807569
483.1012827239501,61.38995421152101,3,21.668007955669776,2.279661427906662,3352330984.0758896
163.30203312141387,395.0566440454349,4,25.67089404318857,12.061238743349191,4492466237.630438
273.7618276515734,168.4801944297645,3,24.906595937009747,7.571778082106178,3604547308.706683
185.39523941754635,167.13759441474963,1,11.915505888553644,12.797394837582065,2678226006.585219
178.17822246986043,330.73583988527594,3,20.042554097119385,1.869098642437744,5000000000.0
66.59912630953976,380.48197363202775,3,6.149528862474629,17.55919931689515,3393756074.719494
324.3039502909536,394.8203936144622,3,8.794431907830397,19.49629041437054,4099983478.9572005
276.2055604529877,308.7499285458084,3,26.890074555633593,19.40867925042814,4594942758.738735
73.16543806249521,169.21604664643883,4,0.39005770532208106,15.24338480311557,2633326693.08761
175.39090890647515,60.895265178507444,1,2.5652559256340424,3.471638562482007,1741701497.0948355
458.7196486849942,317.54435889315164,4,6.23658765438082,15.407000722651429,5000000000.0
157.8028508001376,236.60957240224786,4,0.7959661162145915,1.4671514127172287,3821452978.166232
115.20269244105039,186.96214342138123,3,5.443063052693919,1.4203474790509478,3480007937.939141
270.2537421249034,365.3511224850523,2,17.491246829090766,7.148594163841284,3772830008.0719633
493.5427043497703,71.14306845327599,2,12.642736517774939,10.28422061768865,2581909752.6554265
158.92487218017519,212.27128858761787,4,26.780151332309245,15.63774093834807,3779193060.5501475
352.4609963326453,34.20084856394506,4,24.523306852153226,13.982612155523599,1892086891.143314
392.7288268979229,203.4044375378267,3,10.25452055093628,9.472151421158218,4338195577.719882
156.93689479657985,50.83221200227982,4,7.782703002938774,6.1989066593516515,2482601383.2056375
377.6973568753368,73.96262901918661,3,11.390772245018008,19.945365502996513,2284793208.307203
215.50240972366396,73.48471130752881,2,17.708848275444232,9.097444742483486,2161779785.807825
334.53762376711074,270.2078117829435,2,8.041909224686288,9.576353462263834,4837399753.272777
335.08836984240264,306.03660532820663,1,18.72446723547402,4.108852602641715,4338271511.536107
291.0986078336413,245.84644308594906,2,12.282349565737213,16.101381426248658,3076450646.9248185
90.63039652448373,386.0038429355805,4,16.561415425559407,14.179962289848284,5000000000.0
425.88612301515707,168.7021144237705,2,13.0837958740595,5.194622642986447,4202326656.768386
194.35102923728113,135.71347192428846,3,8.83397278625753,2.5652398667010115,3261547003.9319897
133.9333296799344,351.3816774301003,2,28.453599208864702,13.929486739419549,3932050440.884884
68.34881369964376,112.73046025219747,1,22.908173824792826,13.435713071341569,1348197554.1985803
315.90182443470883,386.3923395930262,2,4.203395272993577,6.191931012965977,4616312024.88586
354.9039628290271,34.49715563523205,3,26.054039276937385,19.066407682757795,1427974632.1598408
57.46452301753527,388.85516588182645,3,14.62293594748541,3.870099943837104,5000000000.0
280.44187623467644,45.969167421713166,4,26.83656680682274,9.214361219809437,2207361912.3988667
151.92309883907208,359.7229520682863,2,23.995657678419455,18.928702483184377,3456205865.6576447
340.32775568425245,225.24941036193096,3,12.756405134077003,8.974819021596325,3681937973.28406
128.46489305224617,397.39697456414115,1,0.674079249603522,13.131993005617625,4322155220.955233
360.92198214610966,57.30472895209758,4,8.060320781548382,8.554293561293091,2990959765.0284505
224.03090583524184,234.9260852284887,1,16.249026439826007,6.210088844624731,3728493176.0253153
471.52849493153053,388.64193817906664,2,19.00434659478442,19.695575311236738,3960181388.2286572
111.88442486569696,223.54620234295507,2,7.736630562996068,8.777346119985818,3101749101.3503804
203.47985797261632,262.8774961100471,2,4.180682222184724,17.987884869903553,2796287827.9684134
101.06308455826507,287.42701492430837,4,25.047907103978975,5.369137511930638,5000000000.0
466.1121282253533,198.1801939640761,3,29.532065421106562,5.048989376476583,3853824477.8100743
444.80270902144144,262.1964896311035,4,15.770705469080575,1.5915475748057157,5000000000.0
166.07373247182002,246.19629541154708,1,5.150378575449105,13.381669682141816,3007769944.17293
346.99282071538056,363.42846388166595,4,8.169219795581068,8.002000530751461,5000000000.0
417.7499900905471,46.815160726339414,1,0.551720296424002,17.422806746953103,1461218347.9531841
299.84036521975804,133.9563801491252,4,27.42896419681497,9.990988227139585,3448530376.228781
288.3427602602029,381.6522491083267,3,3.532532486704234,19.395675130379715,4705976494.221542
158.83353090520325,359.39760003963903,1,17.295494265427607,4.524984798359302,3816208894.9762974
91.89624551265464,198.5929985307138,2,8.22165662061618,17.503840191156605,2896894152.688574
453.747091078997,259.4490611865686,2,16.6253400754738,15.755340203043094,4948401962.446432
455.18812572349873,132.6310377030191,4,19.542611650555926,15.647515048236988,3157556631.4923415
334.8956557729706,99.60482909779168,2,24.892254111216047,17.050881334220865,1689188121.3846774
202.5634059719153,201.5684098277934,1,6.1926381528180965,15.45945582791698,2375673560.226318
207.1443085756974,160.74032436963955,2,0.32987485975441433,12.898186110996892,3626698308.7232985
376.68005549160773,245.95276138482268,3,4.106568902064218,3.4936526759653637,4307466074.635055
453.6996169786597,58.76181567704439,3,27.000559255443154,1.6179974103337864,4838147616.472436
449.18889091930276,390.5260788364816,4,26.216702326875456,18.49610910849805,5000000000.0
400.9439956359307,394.8979754574531,1,17.922393065109247,12.716355975894023,4083678430.8444715
338.9142407694295,288.3198341873057,3,18.0155058130096,16.13420852854735,4506527613.532629
87.86298424777198,228.35565554732455,3,19.951100236387664,10.148924678738451,4124993933.494606
122.73292134257619,144.52521802594129,1,5.261138358703487,3.228855590285495,2085208514.9865468
454.34938483718565,331.104157291571,2,27.432358377748795,3.3785300518484584,5000000000.0
322.89307684681546,283.35053384493534,2,12.563115746762193,14.025740457350455,3452181501.332034
54.13867322748334,90.16826755760978,4,11.494155847484924,9.175812003089792,2038072473.2496727
95.66219428971445,367.04305826272173,2,15.567531158485126,4.8099698073063974,3768840718.867887
348.5757960986251,334.3387798815725,1,1.4089790032516514,10.340296388087301,3314138824.078772
52.277712730798406,381.4259679180119,3,4.988501062682382,2.2199698044275475,4737135541.718328
122.3636231378744,298.5162181036932,2,22.141008492791112,12.057456636373576,3106015258.996077
296.93020521496373,256.96362249624224,4,2.483960037753794,6.1108746842668555,5000000000.0
361.35283896171194,184.74992342752898,2,18.094563283991647,16.153622912106577,2236797153.8791556
343.3825667761702,375.1095388409849,1,7.360473290439629,6.896877219547902,4821662820.763462
150.9211892572519,350.4436391151511,4,11.678868421259295,9.649182832554223,5000000000.0
370.4806496063911,46.73090793929008,2,8.660812103120996,1.220790258253912,2208030980.97628
156.76208937356003,39.755780563983244,4,10.670181493948474,2.3764908680966186,2731630686.6707063
196.4298641716705,169.29144574487836,1,21.571377155527365,8.457377571727012,2888499514.622121
385.9211323031109,329.9047323892782,3,8.913651468695251,10.118837859625346,4151786000.4363303
342.3348045712466,395.2921678465294,1,16.992139208906917,12.40039041426677,5000000000.0
432.1505347223801,85.65424970830543,1,14.28151206597299,6.541588995476761,2947037488.1952095
345.9258015351545,249.82836468029,1,19.910134960879443,14.204655836404308,2793158162.3059216
305.7388715009622,170.92961695347796,1,28.10489217974274,17.342325546594886,2226887359.652802
92.15364552264161,388.8683271914032,3,21.97716291630751,15.817168788973646,4957138653.016655
215.4721113767451,341.5840015602122,3,6.448211357722703,1.7527576816187858,5000000000.0
169.34106545677645,340.181620743121,4,0.9354940518385402,10.12963199789875,5000000000.0
159.79533952058762,203.416469124139,2,7.867921328994752,2.9936733899453225,2781922478.4718366
487.85474963860054,183.4832158649361,3,17.852337921007646,5.598855301388022,4711412468.331701
226.89397610004218,131.1606166143613,3,1.5427744045275105,19.74658927207578,1942711691.63461
451.420949829701,50.85893376084303,2,14.89098741603709,3.707415315128751,3148774252.54253
334.0123816987683,349.9472792143697,3,17.905285467506676,10.478874915575766,4371787813.802511
407.66508659374176,330.7733733781287,1,10.027316724508825,12.744958952044263,3550664269.705034
276.18669189733646,399.8955391158683,1,23.12736611237466,14.346834440337975,4847328508.526738
309.6067480818616,398.755629717345,2,3.1979475940131543,11.633324986251369,5000000000.0
271.63296221848873,235.50973107297216,4,2.254133452074263,1.1856461009644894,5000000000.0
137.85934450912004,314.52534361678886,4,21.8456626861081,7.202764856635846,3970331149.111515
375.1034518676774,379.56332005649836,2,14.864739486185954,10.836521224309518,4679091164.20146
176.3475630983851,344.36953455064224,2,20.65207189283208,2.6694634837518336,5000000000.0
60.942184894154224,121.51879764498314,1,13.044820158112387,7.661911692974434,1685672653.8207555
340.46253315822554,196.7013300647346,4,7.392060997173204,1.6308590670359648,5000000000.0
129.699805733172,77.78898360605314,3,24.573069530225993,2.4929914459453943,2597457103.960936
473.20636295881144,382.99888008572725,1,23.982476369069378,8.541542247830325,5000000000.0
479.2678596511643,254.2846147468256,2,20.840894125632804,3.521599326818147,4737504306.389392
461.68897559920185,114.5978380362812,4,8.164354116898881,11.783276116969605,3740072392.635549
216.57141511494999,278.529253230167,3,17.706920006072615,14.099834413608049,3853405972.863657
56.95547743799034,258.7074489694214,3,10.829216908200804,16.211147283072574,3764785402.7495804
467.74335316447645,162.52020567215098,1,2.7474621997990245,4.8028546406513914,4200301064.624096
242.68286674279145,72.01630911386275,4,27.519407263867283,4.182169062922325,2749685965.13289
484.9946685696513,278.48208236933584,4,4.104558927568842,2.986788966353605,4916554998.396238
483.6289896901638,222.51384933440352,2,28.50712061462407,13.092174741329098,2705727106.030534
433.854254960312,315.75780494218657,4,13.380173188738672,14.423038803251123,5000000000.0
182.50200143131357,222.46049541143756,4,5.553987865158589,1.6001367516871987,3698208192.4086146
223.29397787086637,345.30715511785985,1,16.257028421350743,18.788032678630106,2278447050.417433
433.0115021825856,234.20553034655964,4,26.18837507629225,1.9874543893779757,5000000000.0
192.61490232032494,237.54704946809292,3,21.966746592286835,11.28463037072034,5000000000.0
126.27173600874161,354.36183298358765,1,24.196834435843492,14.472149869567412,3421371786.404663
300.56056810625756,179.2886604985869,1,19.763501001321522,17.548413351175626,2578576155.711722
471.2696483723514,79.58563452673707,2,20.768296935535574,14.567651710516127,2451605308.959735
363.21340850373787,40.64959023593542,4,25.47586954695958,16.232833578326044,2364805631.6431913
306.52752654021424,309.40078459923905,2,7.490040265775578,7.449553658313315,4988784538.154169
93.72942219684583,259.51453400078196,3,14.682748909294215,16.481677161183732,3316130089.607602
326.75325201462636,290.5095141967127,1,6.636283254588067,2.5221820813088276,4434871007.787808
495.5242325469185,108.79673975829697,1,29.63004023989941,18.001516465150026,2100496047.5125568
113.03780685643582,80.4574459671048,1,28.321780190598396,11.404255146920988,1275332334.4357576
283.24834356368154,35.38152629711632,3,1.182804341055177,16.52865762928738,2180304231.436363
444.81788236757995,159.71739675844088,3,21.167255175470654,9.594047405847702,3742149219.5791078
383.345877989392,248.26954413621425,2,27.757449522469976,13.227976208733974,3272558743.712802
363.6570834478706,175.13029668690095,2,5.417260353820006,11.001650557786151,3499736614.14995
366.11783779419915,191.86572114877976,2,17.038356916578884,14.900200913351306,2662574071.7563477
211.77101804888983,364.5387169626869,4,27.464648927641257,2.550969658581202,5000000000.0
182.116329919022,158.85452279862113,1,1.0183793575739652,2.146689595820712,2665663736.14109
414.2125199653311,220.17611098913,1,20.922608017405196,5.694961446192782,4407874719.909681
414.55102760563136,319.95161471422296,2,8.920470221176522,4.0313489221505785,5000000000.0
440.18254336104667,176.72082945886996,1,27.73188586129591,17.56388776525183,2466042630.8937397
460.9582486504121,260.17207908431317,2,29.131747354961032,5.165065759802842,5000000000.0
280.10407948742204,349.0745722362957,4,28.32799467340302,19.541439860563496,5000000000.0
275.68233260923984,381.3226307533276,4,14.226426499723914,7.40102004365103,5000000000.0
409.23283053504883,84.41718794374404,3,25.861279529679404,4.460240398085286,3558488038.985545
342.4837688499943,372.8374213097529,4,25.33648195605211,16.004271635707106,4313142009.783509
365.8850947659665,212.08302843942914,2,9.573014197297669,13.515447734516647,2812043765.960121
408.10670124624545,125.55042367061459,4,24.86746422452032,10.46571861260964,3556091957.1655936
450.50240381790485,199.88022980815668,3,1.1102290414647786,11.551907467814994,3668706660.0164485
202.09782058319112,392.61205285562653,1,17.88809635446159,14.664833787173013,3756799594.1431465
219.01232868797482,212.26869477736176,2,6.900265118631092,5.340640085294676,3440215346.673348
92.29187292839106,151.63809580637803,1,3.6170065733183643,19.930344405078095,1876311183.4538069
310.2260634482783,264.35831609718855,3,2.3085960488762747,19.52107008078888,3658294557.566815
66.17402320853394,118.85387894793143,3,20.888663276344193,13.356188040591801,2434089160.0716257
259.5191081596071,58.06943140020565,3,10.196248913041984,4.791306567653757,2724869890.378533
294.1900856184095,77.6854971069402,1,21.743003145862843,13.924336606194535,1222326069.554032
178.94356345772798,77.3769604143758,1,1.960690223968271,2.371769770604341,1736039433.8734744
315.87496725605484,86.2039965995489,1,9.45871013491831,1.5823975419103151,2738743230.174193
63.72511247257224,81.36605388028175,1,16.184738771260115,5.89597488171306,1140654846.440322
66.80668493714649,267.1236555771894,3,23.721694945168906,9.78983617804701,3909781906.614164
420.17025229684623,97.29563122768359,3,9.562575087962097,17.49717760275923,3148881269.4518905
212.0857886350683,157.8968948298294,2,18.776741293110273,14.816212325559853,2953939739.064749
107.17723069334815,361.8117116652244,2,26.579332447085616,15.11142390279964,3780503837.3029127
285.00946702466194,205.36580689726276,1,18.475895645469137,9.084373354513431,3628545672.1698356
396.49709889437486,276.99636325278004,4,6.988784242609013,7.572764858392295,5000000000.0
147.11946237357944,93.75835234460304,4,0.7320234466961406,8.049736496707451,2644143073.1755567
330.3007141185501,101.14693695920819,3,26.102966217027898,19.765341710985098,2087370233.3119988
88.4063592471956,45.12138801859718,3,0.6380823255116141,1.7620746368371671,1973494673.5680306
